MemberID,Name
2024-EE-001,Ahmad Ali
2024-EE-002,Fatima Zahra
2024-EE-003,Bilal Mansoor
2024-EE-004,Zainab Bibi
2024-EE-005,Hamza Sheikh
2024-EE-006,Ayesha Malik
2024-EE-007,Usman Ghani
2024-EE-008,Maryam Nawaz
2024-EE-009,Hassan Raza
2024-EE-010,Sana Javed
2024-EE-011,Omer Farooq
2024-EE-012,Anam Khalid
2024-EE-013,Saad Rafique
2024-EE-014,Tayyaba Gul
2024-EE-015,Faisal Qureshi
2024-EE-016,Nimra Ahmed
2024-EE-017,Zubair Khan
2024-EE-018,Khadija Tul Kubra
2024-EE-019,Mustafa Kamal
2024-EE-020,Amna Pervez